{
    "best_epoch": 91,
    "total_epochs": 100,
    "total_time_min": 21.110374156634013,
    "avg_time_per_epoch_min": 0.21110374156634013,
    "total_params": 35320832,
    "train_loss": {
        "mean": 0.024541166468792966,
        "min": 0.000849059998506104,
        "max": 0.7888092371622721,
        "final": 0.002575378131125194,
        "best": 0.0019925531572702734
    },
    "val_hard_loss": {
        "mean": 0.012284520611756358,
        "min": 2.7021642580393746e-08,
        "max": 0.5005074404478073,
        "final": 1.2536869029524666e-06,
        "best": 2.7021642580393746e-08
    },
    "val_kd_loss": {
        "mean": 0.0,
        "min": 0.0,
        "max": 0.0,
        "final": 0.0,
        "best": 0.0
    },
    "val_total_loss": {
        "mean": 0.012284520611756358,
        "min": 2.7021642580393746e-08,
        "max": 0.5005074404478073,
        "final": 1.2536869029524666e-06,
        "best": 2.7021642580393746e-08
    },
    "val_perplexity": {
        "mean": 1.0146895027160645,
        "min": 1.0,
        "max": 1.6495580673217773,
        "final": 1.000001311302185,
        "best": 1.0
    },
    "val_token_accuracy": {
        "mean": 0.9951311792322562,
        "min": 0.792046396023198,
        "max": 1.0,
        "final": 1.0,
        "best": 1.0
    },
    "val_exact_match": {
        "mean": 0.9833799999999999,
        "min": 0.33,
        "max": 1.0,
        "final": 1.0,
        "best": 1.0
    }
}