{
    "best_epoch": 90,
    "total_epochs": 100,
    "total_time_min": 40.49349370002747,
    "avg_time_per_epoch_min": 0.4049349370002747,
    "total_params": 15301120,
    "train_loss": {
        "mean": 0.07704324112124326,
        "min": 0.002702430752211856,
        "max": 1.097950678649738,
        "final": 0.0031742962835129996,
        "best": 0.004069034747435904
    },
    "val_hard_loss": {
        "mean": 0.04833785318428701,
        "min": 0.00011737094714692375,
        "max": 0.6873925937588016,
        "final": 0.0003831301982366959,
        "best": 0.00011737094714692375
    },
    "val_kd_loss": {
        "mean": 0.0,
        "min": 0.0,
        "max": 0.0,
        "final": 0.0,
        "best": 0.0
    },
    "val_total_loss": {
        "mean": 0.04833785318428701,
        "min": 0.00011737094714692375,
        "max": 0.6873925937588016,
        "final": 0.0003831301982366959,
        "best": 0.00011737094714692375
    },
    "val_perplexity": {
        "mean": 1.0594289696216583,
        "min": 1.0001174211502075,
        "max": 1.9885238409042358,
        "final": 1.0003832578659058,
        "best": 1.0001174211502075
    },
    "val_token_accuracy": {
        "mean": 0.9810272260949628,
        "min": 0.73839273970801,
        "max": 1.0,
        "final": 0.9998684729711956,
        "best": 1.0
    },
    "val_exact_match": {
        "mean": 0.9637700000000001,
        "min": 0.585,
        "max": 1.0,
        "final": 0.9996666666666667,
        "best": 1.0
    }
}