{
    "best_epoch": 50,
    "total_epochs": 50,
    "total_time_min": 37.66674658854802,
    "avg_time_per_epoch_min": 0.7533349317709604,
    "total_params": 35320832,
    "train_loss": {
        "mean": 4.360675663766861,
        "min": 0.9046619479921129,
        "max": 7.183478637695313,
        "final": 0.9046619479921129,
        "best": 0.9046619479921129
    },
    "val_hard_loss": {
        "mean": 4.5048118170118325,
        "min": 1.0398868112564086,
        "max": 6.889990077972412,
        "final": 1.0398868112564086,
        "best": 1.0398868112564086
    },
    "val_kd_loss": {
        "mean": 0.0,
        "min": 0.0,
        "max": 0.0,
        "final": 0.0,
        "best": 0.0
    },
    "val_total_loss": {
        "mean": 4.5048118170118325,
        "min": 1.0398868112564086,
        "max": 6.889990077972412,
        "final": 1.0398868112564086,
        "best": 1.0398868112564086
    },
    "val_perplexity": {
        "mean": 293.1146449804306,
        "min": 2.8288967609405518,
        "max": 982.3914184570312,
        "final": 2.8288967609405518,
        "best": 2.8288967609405518
    },
    "val_token_accuracy": {
        "mean": 0.4152417912462457,
        "min": 0.1312556946647319,
        "max": 0.8480072891708568,
        "final": 0.8480072891708568,
        "best": 0.8480072891708568
    },
    "val_exact_match": {
        "mean": 0.0094,
        "min": 0.0,
        "max": 0.063,
        "final": 0.063,
        "best": 0.063
    }
}