{
    "best_epoch": 81,
    "total_epochs": 100,
    "total_time_min": 54.53909774223963,
    "avg_time_per_epoch_min": 0.5453909774223963,
    "total_params": 15301120,
    "train_loss": {
        "mean": 0.971486580213714,
        "min": 0.19300152498400874,
        "max": 6.392177093929715,
        "final": 0.19300152498400874,
        "best": 0.24483014014363289
    },
    "val_hard_loss": {
        "mean": 0.8256957534039023,
        "min": 0.2799032452404499,
        "max": 6.112310832977295,
        "final": 0.2851309712827206,
        "best": 0.2799032452404499
    },
    "val_kd_loss": {
        "mean": 0.0,
        "min": 0.0,
        "max": 0.0,
        "final": 0.0,
        "best": 0.0
    },
    "val_total_loss": {
        "mean": 0.8256957534039023,
        "min": 0.2799032452404499,
        "max": 6.112310832977295,
        "final": 0.2851309712827206,
        "best": 0.2799032452404499
    },
    "val_perplexity": {
        "mean": 25.204500793218614,
        "min": 1.323001742362976,
        "max": 451.380615234375,
        "final": 1.3299362659454346,
        "best": 1.323001742362976
    },
    "val_token_accuracy": {
        "mean": 0.8960070586911894,
        "min": 0.19717933575184904,
        "max": 0.9673640991028994,
        "final": 0.9671953654489721,
        "best": 0.9662954526280266
    },
    "val_exact_match": {
        "mean": 0.16659999999999997,
        "min": 0.0,
        "max": 0.261,
        "final": 0.2575,
        "best": 0.245
    }
}