{
    "best_epoch": 99,
    "total_epochs": 100,
    "total_time_min": 211.40852831204737,
    "avg_time_per_epoch_min": 2.1140852831204735,
    "total_params": 15301120,
    "train_loss": {
        "mean": 2.490450702568714,
        "min": 0.2367032970629322,
        "max": 7.070636709981494,
        "final": 0.2367032970629322,
        "best": 0.23992327447113995
    },
    "val_hard_loss": {
        "mean": 2.155437634190931,
        "min": 0.1454946653818879,
        "max": 6.847415798664093,
        "final": 0.14767213890949096,
        "best": 0.1454946653818879
    },
    "val_kd_loss": {
        "mean": 0.0,
        "min": 0.0,
        "max": 0.0,
        "final": 0.0,
        "best": 0.0
    },
    "val_total_loss": {
        "mean": 2.155437634190931,
        "min": 0.1454946653818879,
        "max": 6.847415798664093,
        "final": 0.14767213890949096,
        "best": 0.1454946653818879
    },
    "val_perplexity": {
        "mean": 152.3030641722679,
        "min": 1.1566115617752075,
        "max": 941.4450073242188,
        "final": 1.1591328382492065,
        "best": 1.1566115617752075
    },
    "val_token_accuracy": {
        "mean": 0.7201230154296848,
        "min": 0.1303578743529587,
        "max": 0.9833165754291886,
        "final": 0.9832296825928822,
        "best": 0.9832855422733648
    },
    "val_exact_match": {
        "mean": 0.43213250000000003,
        "min": 0.249,
        "max": 0.702,
        "final": 0.702,
        "best": 0.697
    }
}