{
    "best_epoch": 69,
    "total_epochs": 100,
    "total_time_min": 353.9056574702263,
    "avg_time_per_epoch_min": 3.539056574702263,
    "total_params": 35320832,
    "train_loss": {
        "mean": 1.0620374642447248,
        "min": 0.06438042258896975,
        "max": 6.705379098402129,
        "final": 0.06438042258896975,
        "best": 0.12569807790667983
    },
    "val_hard_loss": {
        "mean": 0.9328920574580526,
        "min": 0.1308071890799656,
        "max": 6.44145070707798,
        "final": 0.15979638631703233,
        "best": 0.1308071890799656
    },
    "val_kd_loss": {
        "mean": 0.0,
        "min": 0.0,
        "max": 0.0,
        "final": 0.0,
        "best": 0.0
    },
    "val_total_loss": {
        "mean": 0.9328920574580526,
        "min": 0.1308071890799656,
        "max": 6.44145070707798,
        "final": 0.15979638631703233,
        "best": 0.1308071890799656
    },
    "val_perplexity": {
        "mean": 44.13090277910233,
        "min": 1.139747977256775,
        "max": 627.3161010742188,
        "final": 1.1732720136642456,
        "best": 1.139747977256775
    },
    "val_token_accuracy": {
        "mean": 0.879135850742934,
        "min": 0.16438262639804366,
        "max": 0.9880274084832235,
        "final": 0.9880274084832235,
        "best": 0.986177832396132
    },
    "val_exact_match": {
        "mean": 0.59132,
        "min": 0.24875,
        "max": 0.78675,
        "final": 0.78675,
        "best": 0.7545
    }
}