{
    "best_epoch": 100,
    "total_epochs": 100,
    "total_time_min": 45.30409872531891,
    "avg_time_per_epoch_min": 0.4530409872531891,
    "total_params": 15301120,
    "train_loss": {
        "mean": 4.754437087403932,
        "min": 1.4171362172232733,
        "max": 7.445869539048936,
        "final": 1.4171362172232733,
        "best": 1.4171362172232733
    },
    "val_hard_loss": {
        "mean": 4.489735258278847,
        "min": 0.8226270594596863,
        "max": 7.1895946006774905,
        "final": 0.8226270594596863,
        "best": 0.8226270594596863
    },
    "val_kd_loss": {
        "mean": 0.0,
        "min": 0.0,
        "max": 0.0,
        "final": 0.0,
        "best": 0.0
    },
    "val_total_loss": {
        "mean": 4.489735258278847,
        "min": 0.8226270594596863,
        "max": 7.1895946006774905,
        "final": 0.8226270594596863,
        "best": 0.8226270594596863
    },
    "val_perplexity": {
        "mean": 397.3780847001076,
        "min": 2.276472330093384,
        "max": 1325.56591796875,
        "final": 2.276472330093384,
        "best": 2.276472330093384
    },
    "val_token_accuracy": {
        "mean": 0.43147487598285694,
        "min": 0.10837579725306247,
        "max": 0.8840988087605035,
        "final": 0.8840988087605035,
        "best": 0.8840988087605035
    },
    "val_exact_match": {
        "mean": 0.01719,
        "min": 0.0,
        "max": 0.108,
        "final": 0.108,
        "best": 0.108
    }
}