{
    "best_epoch": 49,
    "total_epochs": 50,
    "total_time_min": 26.127545150121055,
    "avg_time_per_epoch_min": 0.5225509030024211,
    "total_params": 35320832,
    "train_loss": {
        "mean": 1.2505567769601609,
        "min": 0.6205470371776157,
        "max": 3.714558400683933,
        "final": 0.6205470371776157,
        "best": 0.6244817491637336
    },
    "val_hard_loss": {
        "mean": 1.1558638259792329,
        "min": 0.30611726915836335,
        "max": 5.330284851074219,
        "final": 0.30611726915836335,
        "best": 0.31681066572666167
    },
    "val_kd_loss": {
        "mean": 1.2134994884395598,
        "min": 0.9996434931755066,
        "max": 1.7521518936157228,
        "final": 1.0243997592926026,
        "best": 1.0025624551773071
    },
    "val_total_loss": {
        "mean": 1.1846816570949554,
        "min": 0.6596865587234497,
        "max": 3.5378178234100344,
        "final": 0.6652585124969482,
        "best": 0.6596865587234497
    },
    "val_perplexity": {
        "mean": 5.885868363380432,
        "min": 1.9341859817504883,
        "max": 34.39178466796875,
        "final": 1.944993257522583,
        "best": 1.9341859817504883
    },
    "val_token_accuracy": {
        "mean": 0.8534232886093287,
        "min": 0.23767976259923404,
        "max": 0.975397570193015,
        "final": 0.9753214802039212,
        "best": 0.975397570193015
    },
    "val_exact_match": {
        "mean": 0.13171999999999998,
        "min": 0.0,
        "max": 0.226,
        "final": 0.225,
        "best": 0.226
    }
}