{
    "best_epoch": 4,
    "total_epochs": 54,
    "total_time_min": 11.925458506743116,
    "avg_time_per_epoch_min": 0.22500865107062482,
    "total_params": 35320832,
    "train_loss": {
        "mean": 0.008467519371579397,
        "min": 1.1523532887420314e-09,
        "max": 0.44303424847689804,
        "final": 7.89534792472087e-08,
        "best": 4.839829068690725e-05
    },
    "val_hard_loss": {
        "mean": 3.295446276100451e-06,
        "min": 0.0,
        "max": 9.967685468252796e-05,
        "final": 0.0,
        "best": 0.0
    },
    "val_kd_loss": {
        "mean": 0.0,
        "min": 0.0,
        "max": 0.0,
        "final": 0.0,
        "best": 0.0
    },
    "val_total_loss": {
        "mean": 3.295446276100451e-06,
        "min": 0.0,
        "max": 9.967685468252796e-05,
        "final": 0.0,
        "best": 0.0
    },
    "val_perplexity": {
        "mean": 1.000003295916098,
        "min": 1.0,
        "max": 1.0000996589660645,
        "final": 1.0,
        "best": 1.0
    },
    "val_token_accuracy": {
        "mean": 1.0,
        "min": 1.0,
        "max": 1.0,
        "final": 1.0,
        "best": 1.0
    },
    "val_exact_match": {
        "mean": 1.0,
        "min": 1.0,
        "max": 1.0,
        "final": 1.0,
        "best": 1.0
    }
}