{
    "best_epoch": 29,
    "total_epochs": 79,
    "total_time_min": 68.75640137195587,
    "avg_time_per_epoch_min": 0.8814923252814856,
    "total_params": 35320832,
    "train_loss": {
        "mean": 0.5615410756258049,
        "min": 0.02146785083178353,
        "max": 5.861250571992662,
        "final": 0.02146785083178353,
        "best": 0.2093673415026731
    },
    "val_hard_loss": {
        "mean": 0.7153391427763656,
        "min": 0.30593093708157537,
        "max": 5.59488782119751,
        "final": 0.5017935612648725,
        "best": 0.30593093708157537
    },
    "val_kd_loss": {
        "mean": 0.0,
        "min": 0.0,
        "max": 0.0,
        "final": 0.0,
        "best": 0.0
    },
    "val_total_loss": {
        "mean": 0.7153391427763656,
        "min": 0.30593093708157537,
        "max": 5.59488782119751,
        "final": 0.5017935612648725,
        "best": 0.30593093708157537
    },
    "val_perplexity": {
        "mean": 12.581644446034975,
        "min": 1.3578885793685913,
        "max": 269.0474548339844,
        "final": 1.6516810655593872,
        "best": 1.3578885793685913
    },
    "val_token_accuracy": {
        "mean": 0.9201241936649417,
        "min": 0.23296493152225878,
        "max": 0.9687280294721449,
        "final": 0.9685592958182176,
        "best": 0.9644253212969993
    },
    "val_exact_match": {
        "mean": 0.1918481012658228,
        "min": 0.0,
        "max": 0.2535,
        "final": 0.25,
        "best": 0.211
    }
}