{
    "best_epoch": 100,
    "total_epochs": 100,
    "total_time_min": 212.56774628559748,
    "avg_time_per_epoch_min": 2.125677462855975,
    "total_params": 15301120,
    "train_loss": {
        "mean": 1.4668540904539245,
        "min": 0.2269508355740044,
        "max": 7.018731891102261,
        "final": 0.2269508355740044,
        "best": 0.2269508355740044
    },
    "val_hard_loss": {
        "mean": 1.1941454522664472,
        "min": 0.17912604895606637,
        "max": 6.819628128051757,
        "final": 0.17912604895606637,
        "best": 0.17912604895606637
    },
    "val_kd_loss": {
        "mean": 0.0,
        "min": 0.0,
        "max": 0.0,
        "final": 0.0,
        "best": 0.0
    },
    "val_total_loss": {
        "mean": 1.1941454522664472,
        "min": 0.17912604895606637,
        "max": 6.819628128051757,
        "final": 0.17912604895606637,
        "best": 0.17912604895606637
    },
    "val_perplexity": {
        "mean": 59.96737734675408,
        "min": 1.196171522140503,
        "max": 915.64453125,
        "final": 1.196171522140503,
        "best": 1.196171522140503
    },
    "val_token_accuracy": {
        "mean": 0.8484276910672119,
        "min": 0.13416238774759767,
        "max": 0.9788719602691842,
        "final": 0.9787877848120894,
        "best": 0.9787877848120894
    },
    "val_exact_match": {
        "mean": 0.20146250000000004,
        "min": 0.0,
        "max": 0.34725,
        "final": 0.34725,
        "best": 0.34725
    }
}