{
    "best_epoch": 50,
    "total_epochs": 50,
    "total_time_min": 16.86769551038742,
    "avg_time_per_epoch_min": 0.3373539102077484,
    "total_params": 15301120,
    "train_loss": {
        "mean": 1.9110679555712806,
        "min": 0.8582499151759677,
        "max": 4.077323653539022,
        "final": 0.8582499151759677,
        "best": 0.8582499151759677
    },
    "val_hard_loss": {
        "mean": 2.0276285493850708,
        "min": 0.4140566523075104,
        "max": 5.894571662902832,
        "final": 0.4195450806617737,
        "best": 0.4195450806617737
    },
    "val_kd_loss": {
        "mean": 1.3954897889614104,
        "min": 1.1353217539787293,
        "max": 1.822189024925232,
        "final": 1.140268027305603,
        "best": 1.140268027305603
    },
    "val_total_loss": {
        "mean": 1.7115591678142545,
        "min": 0.7799065537452697,
        "max": 3.8583803272247312,
        "final": 0.7799065537452697,
        "best": 0.7799065537452697
    },
    "val_perplexity": {
        "mean": 10.97659661769867,
        "min": 2.1812684535980225,
        "max": 47.38853454589844,
        "final": 2.1812684535980225,
        "best": 2.1812684535980225
    },
    "val_token_accuracy": {
        "mean": 0.7380678215436123,
        "min": 0.1995079514038603,
        "max": 0.9688538311309509,
        "final": 0.9686762878230654,
        "best": 0.9686762878230654
    },
    "val_exact_match": {
        "mean": 0.06038,
        "min": 0.0,
        "max": 0.155,
        "final": 0.155,
        "best": 0.155
    }
}