{
    "best_epoch": 50,
    "total_epochs": 50,
    "total_time_min": 21.823338786760964,
    "avg_time_per_epoch_min": 0.43646677573521925,
    "total_params": 35320832,
    "train_loss": {
        "mean": 1.3213198706526228,
        "min": 0.685092475467258,
        "max": 4.3807085198296445,
        "final": 0.685092475467258,
        "best": 0.685092475467258
    },
    "val_hard_loss": {
        "mean": 1.249938650467396,
        "min": 0.4431511554718018,
        "max": 6.440851245880127,
        "final": 0.45526601815223694,
        "best": 0.45526601815223694
    },
    "val_kd_loss": {
        "mean": 1.2626527299308776,
        "min": 1.0477718758583068,
        "max": 2.090856083869934,
        "final": 1.0585429782867433,
        "best": 1.0585429782867433
    },
    "val_total_loss": {
        "mean": 1.256295691423416,
        "min": 0.7569045000076294,
        "max": 4.255079732894897,
        "final": 0.7569045000076294,
        "best": 0.7569045000076294
    },
    "val_perplexity": {
        "mean": 8.522053503990174,
        "min": 2.131667375564575,
        "max": 70.46243286132812,
        "final": 2.131667375564575,
        "best": 2.131667375564575
    },
    "val_token_accuracy": {
        "mean": 0.8618203551912569,
        "min": 0.19723360655737704,
        "max": 0.9603483606557377,
        "final": 0.9596994535519126,
        "best": 0.9596994535519126
    },
    "val_exact_match": {
        "mean": 0.14104000000000003,
        "min": 0.0,
        "max": 0.211,
        "final": 0.198,
        "best": 0.198
    }
}