{
    "best_epoch": 91,
    "total_epochs": 100,
    "total_time_min": 192.06606688102082,
    "avg_time_per_epoch_min": 1.9206606688102081,
    "total_params": 35320832,
    "train_loss": {
        "mean": 1.3131829437181395,
        "min": 0.09855906113651064,
        "max": 7.0173935296800405,
        "final": 0.09855906113651064,
        "best": 0.12183872034731838
    },
    "val_hard_loss": {
        "mean": 1.1086584075472785,
        "min": 0.13348625581711532,
        "max": 6.7183646335601805,
        "final": 0.14120189929381013,
        "best": 0.13348625581711532
    },
    "val_kd_loss": {
        "mean": 0.0,
        "min": 0.0,
        "max": 0.0,
        "final": 0.0,
        "best": 0.0
    },
    "val_total_loss": {
        "mean": 1.1086584075472785,
        "min": 0.13348625581711532,
        "max": 6.7183646335601805,
        "final": 0.14120189929381013,
        "best": 0.13348625581711532
    },
    "val_perplexity": {
        "mean": 64.66689952969551,
        "min": 1.142805576324463,
        "max": 827.4632568359375,
        "final": 1.1516571044921875,
        "best": 1.142805576324463
    },
    "val_token_accuracy": {
        "mean": 0.8564438452045942,
        "min": 0.14289258734501198,
        "max": 0.9858772370835156,
        "final": 0.9858772370835156,
        "best": 0.9847999112022304
    },
    "val_exact_match": {
        "mean": 0.32695,
        "min": 0.0,
        "max": 0.5335,
        "final": 0.529,
        "best": 0.5145
    }
}