{
    "best_epoch": 99,
    "total_epochs": 100,
    "total_time_min": 74.7325644771258,
    "avg_time_per_epoch_min": 0.7473256447712581,
    "total_params": 35320832,
    "train_loss": {
        "mean": 2.3581190198196635,
        "min": 0.14252359205815526,
        "max": 7.183478637695313,
        "final": 0.14252359205815526,
        "best": 0.1463202378269699
    },
    "val_hard_loss": {
        "mean": 2.5725325797414773,
        "min": 0.49749540024995803,
        "max": 6.889990077972412,
        "final": 0.5150631002187729,
        "best": 0.49749540024995803
    },
    "val_kd_loss": {
        "mean": 0.0,
        "min": 0.0,
        "max": 0.0,
        "final": 0.0,
        "best": 0.0
    },
    "val_total_loss": {
        "mean": 2.5725325797414773,
        "min": 0.49749540024995803,
        "max": 6.889990077972412,
        "final": 0.5150631002187729,
        "best": 0.49749540024995803
    },
    "val_perplexity": {
        "mean": 147.51441025972366,
        "min": 1.644597053527832,
        "max": 982.3914184570312,
        "final": 1.6737440824508667,
        "best": 1.644597053527832
    },
    "val_token_accuracy": {
        "mean": 0.662456214355617,
        "min": 0.1312556946647319,
        "max": 0.937518982215773,
        "final": 0.937518982215773,
        "best": 0.9370802821179091
    },
    "val_exact_match": {
        "mean": 0.08071,
        "min": 0.0,
        "max": 0.229,
        "final": 0.225,
        "best": 0.229
    }
}