{
    "best_epoch": 81,
    "total_epochs": 100,
    "total_time_min": 62.24425435463588,
    "avg_time_per_epoch_min": 0.6224425435463588,
    "total_params": 35320832,
    "train_loss": {
        "mean": 0.0703157932598602,
        "min": 0.008049192902813763,
        "max": 0.911459042256629,
        "final": 0.008508838959598503,
        "best": 0.011188540331627762
    },
    "val_hard_loss": {
        "mean": 0.04305260216996451,
        "min": 0.0005320699103975363,
        "max": 0.6293478206594785,
        "final": 0.0017479091973124964,
        "best": 0.0005320699103975363
    },
    "val_kd_loss": {
        "mean": 0.0,
        "min": 0.0,
        "max": 0.0,
        "final": 0.0,
        "best": 0.0
    },
    "val_total_loss": {
        "mean": 0.04305260216996451,
        "min": 0.0005320699103975363,
        "max": 0.6293478206594785,
        "final": 0.0017479091973124964,
        "best": 0.0005320699103975363
    },
    "val_perplexity": {
        "mean": 1.0525597536563873,
        "min": 1.0005322694778442,
        "max": 1.8763864040374756,
        "final": 1.0017493963241577,
        "best": 1.0005322694778442
    },
    "val_token_accuracy": {
        "mean": 0.9830790477443115,
        "min": 0.7486518479547547,
        "max": 0.9998684729711956,
        "final": 0.9996054189135868,
        "best": 0.9998684729711956
    },
    "val_exact_match": {
        "mean": 0.9669,
        "min": 0.583,
        "max": 0.9996666666666667,
        "final": 0.999,
        "best": 0.9996666666666667
    }
}