{
    "best_epoch": 62,
    "total_epochs": 100,
    "total_time_min": 353.2600395639737,
    "avg_time_per_epoch_min": 3.532600395639737,
    "total_params": 35320832,
    "train_loss": {
        "mean": 0.6903398863449636,
        "min": 0.04959481284195661,
        "max": 6.606204246415032,
        "final": 0.04959481284195661,
        "best": 0.12999779987956087
    },
    "val_hard_loss": {
        "mean": 0.6106821739106958,
        "min": 0.16683613265119493,
        "max": 6.351918380737304,
        "final": 0.21931040452996967,
        "best": 0.16683613265119493
    },
    "val_kd_loss": {
        "mean": 0.0,
        "min": 0.0,
        "max": 0.0,
        "final": 0.0,
        "best": 0.0
    },
    "val_total_loss": {
        "mean": 0.6106821739106958,
        "min": 0.16683613265119493,
        "max": 6.351918380737304,
        "final": 0.21931040452996967,
        "best": 0.16683613265119493
    },
    "val_perplexity": {
        "mean": 18.248211207389833,
        "min": 1.1815606355667114,
        "max": 573.5919189453125,
        "final": 1.2452176809310913,
        "best": 1.1815606355667114
    },
    "val_token_accuracy": {
        "mean": 0.9235166290830635,
        "min": 0.17282993456465784,
        "max": 0.9840421054496963,
        "final": 0.9835857858664977,
        "best": 0.9817073440871171
    },
    "val_exact_match": {
        "mean": 0.31238750000000004,
        "min": 0.0,
        "max": 0.44675,
        "final": 0.4395,
        "best": 0.39725
    }
}