{
    "best_epoch": 49,
    "total_epochs": 50,
    "total_time_min": 14.259092970689137,
    "avg_time_per_epoch_min": 0.2851818594137827,
    "total_params": 15301120,
    "train_loss": {
        "mean": 2.7134250090016256,
        "min": 1.1345620358255175,
        "max": 4.656468861050076,
        "final": 1.1345620358255175,
        "best": 1.1511278794606528
    },
    "val_hard_loss": {
        "mean": 3.2391496098661423,
        "min": 0.6288281989097595,
        "max": 6.927486835479736,
        "final": 0.6288281989097595,
        "best": 0.662620493888855
    },
    "val_kd_loss": {
        "mean": 1.6337233272457121,
        "min": 1.3106733016967773,
        "max": 2.1773366556167604,
        "final": 1.3532223854064942,
        "best": 1.3128262519836427
    },
    "val_total_loss": {
        "mean": 2.4364364704513553,
        "min": 0.987723376750946,
        "max": 4.552411762237549,
        "final": 0.9910252933502197,
        "best": 0.987723376750946
    },
    "val_perplexity": {
        "mean": 28.774592084884645,
        "min": 2.6851143836975098,
        "max": 94.86089324951172,
        "final": 2.693995237350464,
        "best": 2.6851143836975098
    },
    "val_token_accuracy": {
        "mean": 0.6254255464480875,
        "min": 0.16987704918032787,
        "max": 0.9445696721311475,
        "final": 0.9445696721311475,
        "best": 0.9432377049180328
    },
    "val_exact_match": {
        "mean": 0.044700000000000004,
        "min": 0.0,
        "max": 0.136,
        "final": 0.133,
        "best": 0.128
    }
}