{
    "best_epoch": 96,
    "total_epochs": 100,
    "total_time_min": 20.440209555625913,
    "avg_time_per_epoch_min": 0.20440209555625913,
    "total_params": 35320832,
    "train_loss": {
        "mean": 0.022666580521243297,
        "min": 0.0003368578026461325,
        "max": 0.8905487355656094,
        "final": 0.002903040580913204,
        "best": 0.0004952608859816144
    },
    "val_hard_loss": {
        "mean": 0.010794087869685238,
        "min": 1.0728833856887832e-09,
        "max": 0.5223801029920578,
        "final": 3.023580457011121e-07,
        "best": 1.0728833856887832e-09
    },
    "val_kd_loss": {
        "mean": 0.0,
        "min": 0.0,
        "max": 0.0,
        "final": 0.0,
        "best": 0.0
    },
    "val_total_loss": {
        "mean": 0.010794087869685238,
        "min": 1.0728833856887832e-09,
        "max": 0.5223801029920578,
        "final": 3.023580457011121e-07,
        "best": 1.0728833856887832e-09
    },
    "val_perplexity": {
        "mean": 1.013210369348526,
        "min": 1.0,
        "max": 1.6860358715057373,
        "final": 1.0000003576278687,
        "best": 1.0
    },
    "val_token_accuracy": {
        "mean": 0.9958033333333333,
        "min": 0.7976666666666666,
        "max": 1.0,
        "final": 1.0,
        "best": 1.0
    },
    "val_exact_match": {
        "mean": 0.98741,
        "min": 0.393,
        "max": 1.0,
        "final": 1.0,
        "best": 1.0
    }
}