{
    "best_epoch": 99,
    "total_epochs": 100,
    "total_time_min": 115.64743764400482,
    "avg_time_per_epoch_min": 1.1564743764400482,
    "total_params": 15301120,
    "train_loss": {
        "mean": 3.4407801645697487,
        "min": 0.4316819713877307,
        "max": 7.34587552939521,
        "final": 0.4316819713877307,
        "best": 0.4420473728378614
    },
    "val_hard_loss": {
        "mean": 3.0286345200575893,
        "min": 0.22915160794556141,
        "max": 7.1254600925445555,
        "final": 0.23314944612979888,
        "best": 0.22915160794556141
    },
    "val_kd_loss": {
        "mean": 0.0,
        "min": 0.0,
        "max": 0.0,
        "final": 0.0,
        "best": 0.0
    },
    "val_total_loss": {
        "mean": 3.0286345200575893,
        "min": 0.22915160794556141,
        "max": 7.1254600925445555,
        "final": 0.23314944612979888,
        "best": 0.22915160794556141
    },
    "val_perplexity": {
        "mean": 268.1388535475731,
        "min": 1.2575327157974243,
        "max": 1243.2200927734375,
        "final": 1.2625701427459717,
        "best": 1.2575327157974243
    },
    "val_token_accuracy": {
        "mean": 0.6124966537605201,
        "min": 0.11273399191679126,
        "max": 0.9706053265603269,
        "final": 0.9703963906318354,
        "best": 0.9706053265603269
    },
    "val_exact_match": {
        "mean": 0.11147000000000001,
        "min": 0.0,
        "max": 0.3125,
        "final": 0.307,
        "best": 0.3125
    }
}